<?xml version="1.0" encoding="utf-8" standalone="yes"?>
<rss version="2.0" xmlns:atom="http://www.w3.org/2005/Atom">
  <channel>
    <title>Donations on Sound Athletics</title>
    <link>http://soundathletics.org/donations/</link>
    <description>Recent content in Donations on Sound Athletics</description>
    <generator>Hugo -- gohugo.io</generator>
    <language>en-us</language>
    <lastBuildDate>Tue, 30 Aug 2016 20:18:00 -0700</lastBuildDate>
    <atom:link href="http://soundathletics.org/donations/index.xml" rel="self" type="application/rss+xml" />
  </channel>
</rss>
