<?xml version="1.0" encoding="utf-8" standalone="yes"?>
<rss version="2.0" xmlns:atom="http://www.w3.org/2005/Atom">
  <channel>
    <title>Sound Athletics</title>
    <link>http://soundathletics.org/</link>
    <description>Recent content on Sound Athletics</description>
    <generator>Hugo -- gohugo.io</generator>
    <language>en-us</language>
    <lastBuildDate>Mon, 17 Oct 2016 20:18:00 -0700</lastBuildDate>
    <atom:link href="http://soundathletics.org/index.xml" rel="self" type="application/rss+xml" />
    <item>
      <title>Calendar</title>
      <link>http://soundathletics.org/calendar/</link>
      <pubDate>Tue, 30 Aug 2016 21:08:00 -0700</pubDate>
      <guid>http://soundathletics.org/calendar/</guid>
      <description> </description>
    </item>
  </channel>
</rss>
